{
    "loss": 15.858890533447266,
    "accuracy": 0.5179855823516846
}