{
    "loss": 6.78967809677124,
    "accuracy": 0.5035971403121948
}